ahmad,A01,motor,pwq123,instan,28-11-2024 14:37,29-11-2024 12:16,10000
ahmad,B01,mobil,p1202v,instan,28-11-2024 15:41,29-11-2024 12:22,20000
rohim,A01,motor,dsadsa,instan,29-11-2024 14:57,29-11-2024 14:58,2000
rohim,B01,mobil,qwqw,booking,29-11-2024 16:09,29-11-2024 16:10,8000
rohim,A01,motor,dsadsa,instan,29-11-2024 18:58,29-11-2024 18:59,2000
ahmad,B02,mobil,p1202v,booking,29-11-2024 00:00,30-11-2024 09:40,43000
mitoma,B05,mobil,P 0515 HEHE,booking,30-11-2024 22:03,30-11-2024 22:04,8000
rohim,A01,motor,P 1112 KK,booking,29-11-2024 19:03,02-12-2024 08:40,33000
rohim,A03,motor,dsadsa,instan,02-12-2024 08:38,02-12-2024 08:50,2000
ahmad,B01,mobil,p1202v,instan,02-12-2024 14:58,02-12-2024 14:59,5000
ahmad,B02,mobil,p1202v,booking,27-11-2024 00:00,02-12-2024 15:38,123000
ahmad,B01,mobil,p1202v,instan,02-12-2024 15:38,02-12-2024 15:39,5000
ahmad,B02,mobil,p1202v,instan,02-12-2024 15:38,04-12-2024 10:33,40000
ahmad,B02,mobil,p1202v,instan,02-12-2024 15:38,04-12-2024 16:49,60000
yanto,B02,mobil,P 2045 JM,instan,05-12-2024 22:21,05-12-2024 22:47,5000
joko,B02,mobil,P 123 Q,instan,06-12-2024 07:56,06-12-2024 08:01,5000
