ahmad,C02,jajaja,24-11-2024 13:24,24-11-2024 13:40
ahmad,C01,lampu terang,24-11-2024 13:55,24-11-2024 13:55
ahmad,C01,jajajan,24-11-2024 15:13,24-11-2024 15:15
ahmad,C01,gagaga,25-11-2024 08:40,25-11-2024 08:42
ahmad,C05,haha,25-11-2024 12:49,25-11-2024 12:49
ahmad,C01,hahaha,25-11-2024 12:53,25-11-2024 15:07
ahmad,C02,hehehe,24-11-2024 15:11,25-11-2024 15:16
ahmad,C01,tas,25-11-2024 15:16,25-11-2024 15:25
ahmad,C03,ransel,26-11-2024 22:31,26-11-2024 22:44
ahmad,C03,,26-11-2024 22:45,26-11-2024 22:47
ahmad,C03,,26-11-2024 22:47,26-11-2024 22:48
ahmad,C04,helm,26-11-2024 22:48,27-11-2024 10:23
ahmad,C03,jebor,27-11-2024 10:25,27-11-2024 10:25
ahmad,C02,jebor,25-11-2024 15:19,27-11-2024 12:08
ahmad,C03,haha,27-11-2024 12:08,02-12-2024 08:48
ahmad,C01,king,02-12-2024 15:17,02-12-2024 15:17
ahmad,C01,jebor,02-12-2024 15:26,02-12-2024 15:26
ahmad,C01,jajan,02-12-2024 15:33,02-12-2024 15:33
